{
  "participant": [],
  "playerId": "Study 2",
  "presentation": [
    {
      "position": [ 0.0034396307041438725, -0.37965599160927993, 0.727471241584191 ],
      "rotation": [ 0, 0, 0 ],
      "scale": [ 1.6600471956380856, 1.6600471956380856, 1 ],
      "time": "Path 1",
      "transparency": 0.8678786555926005,
      "windowType": false
    },
    {
      "position": [ -0.31436157537003356, -0.41817162682612735, 0.8069132839639982 ],
      "rotation": [ 0, 0, 0 ],
      "scale": [ 1.2152027649385433, 1.2152027649385433, 1 ],
      "time": "Path 2",
      "transparency": 0.7760386375280527,
      "windowType": false
    },
    {
      "position": [ 0.000857757648364419, -0.4369882118134272, 0.8849672703515916 ],
      "rotation": [ 0, 0, 0 ],
      "scale": [ 1.1495957826126837, 1.1495957826126837, 1 ],
      "time": "Head 1",
      "transparency": 0.9364980970110212,
      "windowType": true
    }, {
      "position": [ -0.18978543898888997, -0.32345825859478544, 0.538360229560307 ],
      "rotation": [ 0, 0, 0 ],
      "scale": [ 1.4691061518158117, 1.4691061518158117, 1 ],
      "time": "Head 2",
      "transparency": 0.7401039486839658,
      "windowType": true
    }
  ],
  "time": [],
  "velocity": []
}