{
    "participant": [{
        "position": [-0.0232839733, -0.789857864, 0.89509964],
        "rotation": [17.7094727, 359.328552, -1.40038381e-8],
        "scale": [0.6475465, 0.6475465, 1],
        "time": "10:19:14",
        "transparency": 0.8960912,
        "windowType": false
    }],
    "playerId": "0723_101604",
    "presentation": [{
        "position": [-0.0258682519, -0.5096216, 0.9800086],
        "rotation": [14.3298826, 358.7934, -1.37685987e-8],
        "scale": [1.701657, 1.701657, 1],
        "time": "10:19:14",
        "transparency": 0.8613925,
        "windowType": false
    }],
    "time": [4.88, 5.87999964, 6.87999964, 7.87999964, 8.88, 9.88, 10.88, 11.88, 12.88, 13.88, 14.88, 15.88, 16.88, 17.88, 18.88, 19.88, 20.88, 21.88, 22.88, 23.88, 24.88, 25.88, 26.88, 27.88, 28.88, 29.88, 30.88, 31.88, 32.88, 33.88, 34.88, 35.88, 36.88, 37.8799973, 38.8799973, 39.8799973, 40.8799973, 41.8799973, 42.8799973, 43.8799973, 44.8799973, 45.8799973, 46.8799973, 47.8799973, 48.8799973, 49.8799973, 50.8799973, 51.8799973, 52.8799973, 53.8799973, 54.8799973, 55.8799973, 56.8799973, 57.8799973, 58.8799973, 59.8799973, 60.8799973, 61.8799973, 62.8799973, 63.8799973, 64.88, 65.88, 66.88, 67.88, 68.88, 69.88, 70.88, 71.88, 72.88, 73.88, 74.88, 75.88, 76.88, 77.88, 78.88, 79.88, 80.88, 81.88, 82.88, 83.88, 84.88, 85.88, 86.88, 87.88, 88.88, 89.88, 90.88, 91.88, 92.88, 93.88, 94.88, 95.88, 96.88, 97.88, 98.88, 99.88, 100.88, 101.88, 102.88, 103.88, 104.88, 105.88, 106.88, 107.88, 108.88, 109.88, 110.88, 111.88, 112.88, 113.88, 114.88, 115.88, 116.88, 117.88, 118.88, 119.88, 120.88, 121.88, 122.88, 123.88, 124.88, 125.88, 126.88, 127.88, 128.87999, 129.87999, 130.87999, 131.87999, 132.87999, 133.87999, 134.87999, 135.87999, 136.87999, 137.87999, 138.87999, 139.87999, 140.87999, 141.87999, 142.87999, 143.87999, 144.87999, 145.87999, 146.87999, 147.87999, 148.87999, 149.87999, 150.87999, 151.87999, 152.87999, 153.87999, 154.87999, 155.87999, 156.87999, 157.87999, 158.87999, 159.87999, 160.87999, 161.87999, 162.87999, 163.87999, 164.87999, 165.87999, 166.87999, 167.87999, 168.87999, 169.87999, 170.87999, 171.87999, 172.87999, 173.87999, 174.87999, 175.87999, 176.87999, 177.87999, 178.87999, 179.87999, 180.87999, 181.87999, 182.87999, 183.87999, 184.87999, 185.87999, 186.87999, 187.87999, 188.87999, 189.87999, 190.87999, 191.87999, 192.87999],
    "velocity": [0.3568648, 0.4557336, 0.21642603, 0.0263773836, 0.07287171, 0.0199361984, 0.018021483, 0, 0, 0, 0.0390762575, 0.0357353128, 0, 0, 0, 0, 0.0103265224, 0, 0, 0, 0, 0.009064939, 0.0160655174, 0.00187111809, 0, 0.00347086648, 0.0100013893, 0.009472837, 0.01096207, 0.00652187224, 0.0114210555, 0, 0.00190488971, 0.00433306256, 0.00380958058, 2.82069659, 0, 0, 0, 0.0171144977, 1.35914886, 0, 0.0370026119, 0.166072592, 0, 0, 0, 0.009705244, 0.0769989043, 0.07762945, 0.0359581225, 0, 0, 0.2893641, 0.32581985, 0.166170388, 0.258577883, 0, 0.283027321, 0.0466035344, 0.109903425, 0.0481717475, 0, 0.0120951124, 0.04492113, 0.0164889786, 0.04091115, 0.007157016, 0.008811235, 0.0350004174, 0, 0.0430436656, 0, 0.0229073875, 0.0191899072, 0.0345722139, 0.19872193, 0, 0.319352329, 0.0393007733, 0.0426468924, 0.349976182, 0.03840798, 0.03076068, 0.0132484278, 0.0946528241, 0, 0.0130508728, 0.08536864, 0.04830016, 0.03344235, 0.0272587612, 0.017348472, 0.0189117212, 0.0336147547, 0.0114087444, 0.06822361, 0.007565216, 0, 0.02483771, 0.0399649, 0.0247433055, 0.0565537922, 0.00603880733, 0, 0.02803817, 0.008732279, 0.0229372773, 0.00768747227, 0.0176953748, 0.00608771248, 0, 0.01321103, 0.0200922526, 0.00528100971, 0.03270943, 0.206324771, 0.208806887, 0, 0.0244483016, 0.00496914843, 0.000300826359, 0.09000463, 0.0321876928, 0.0674999058, 0.0287140552, 0.00608022045, 0.0160610825, 0.00486691343, 0.00453403825, 0.005153518, 0.0215400513, 0, 0.0234967452, 0.0143048912, 0.0117274029, 0.00352540822, 0.0217330549, 0.0570509881, 0.075897336, 0.03474895, 0.07497452, 0.0196606647, 0.00716839824, 0.01587619, 0.00432024524, 0.0229002, 0.02187149, 0.0224594288, 0.0280353762, 0.0415492952, 0.00162986352, 0.03619487, 0.0150103783, 0.06439849, 0.0100781573, 0.00699919555, 0.009656544, 0.09003745, 0.04731555, 0, 0, 0.0283334441, 0.0189369712, 0.006391206, 0.005168825, 0.05100383, 0, 0.224210963, 0, 0.25536862, 0.151202917, 0.403886437, 0, 0.04673152, 0.0171751436, 0.00922271051, 0.0509419553, 0.00147941452, 0.008866441, 0.00301480666, 0, 0.08709885, 0.0103268456, 0.0111940177, 0.0805112645, 0, 0.04719758, 0.0224931017]
}