{
    "participant": [{
        "position": [0.223870516, 0.033081498, 1.00908089],
        "rotation": [6.070753, 350.085236, -5.36617861e-8],
        "scale": [1.059826, 1.059826, 1],
        "time": "11:21:05",
        "transparency": 1,
        "windowType": false
    }, {
        "position": [0.223870516, 0.033081498, 1.00908089],
        "rotation": [6.070753, 350.085236, -5.36617861e-8],
        "scale": [1.059826, 1.059826, 1],
        "time": "11:21:15",
        "transparency": 1,
        "windowType": false
    }],
    "playerId": "0723_111651",
    "presentation": [{
        "position": [-0.269499153, -0.162051439, 1.16605175],
        "rotation": [6.070753, 351.9339, 0],
        "scale": [3.49341726, 3.49341726, 1],
        "time": "11:21:05",
        "transparency": 0.728232861,
        "windowType": false
    }, {
        "position": [-0.269499153, -0.162051439, 1.16605175],
        "rotation": [6.070753, 351.9339, 0],
        "scale": [3.49341726, 3.49341726, 1],
        "time": "11:21:15",
        "transparency": 0.728232861,
        "windowType": false
    }],
    "time": [4.81999969, 5.81999969, 6.81999969, 7.81999969, 8.82, 9.82, 10.82, 11.82, 12.82, 13.82, 14.82, 15.82, 16.82, 17.82, 18.82, 19.82, 20.82, 21.82, 22.82, 23.82, 24.82, 25.82, 26.82, 27.82, 28.82, 29.82, 30.82, 31.82, 32.82, 33.82, 34.82, 35.82, 36.82, 37.82, 38.82, 39.82, 40.82, 41.82, 42.82, 43.82, 44.82, 45.82, 46.82, 47.82, 48.82, 49.82, 50.82, 51.82, 52.82, 53.82, 54.82, 55.82, 56.82, 57.82, 58.82, 59.82, 60.82, 61.82, 62.82, 63.82, 64.82, 65.82, 66.82, 67.82, 68.82, 69.82, 70.82, 71.82, 72.82, 73.82, 74.82, 75.82, 76.82, 77.82, 78.82, 79.82, 80.82, 81.82, 82.82, 83.82, 84.82, 85.82, 86.82, 87.82, 88.82, 89.82, 90.82, 91.82, 92.82, 93.82, 94.82, 95.82, 96.82, 97.82, 98.82, 99.82, 100.82, 101.82, 102.82, 103.82, 104.82, 105.82, 106.82, 107.82, 108.82, 109.82, 110.82, 111.82, 112.82, 113.82, 114.82, 115.82, 116.82, 117.82, 118.82, 119.82, 120.82, 121.82, 122.82, 123.82, 124.82, 125.82, 126.82, 127.82, 128.819992, 129.819992, 130.819992, 131.819992, 132.819992, 133.819992, 134.819992, 135.819992, 136.819992, 137.819992, 138.819992, 139.819992, 140.819992, 141.819992, 142.819992, 143.819992, 144.819992, 145.819992, 146.819992, 147.819992, 148.819992, 149.819992, 150.819992, 151.819992, 152.819992, 153.819992, 154.819992, 155.819992, 156.819992, 157.819992, 158.819992, 159.819992, 160.819992, 161.819992, 162.819992, 163.819992, 164.819992, 165.819992, 166.819992, 167.819992, 168.819992, 169.819992, 170.819992, 171.819992, 172.819992, 173.819992, 174.819992, 175.819992, 176.819992, 177.819992, 178.819992, 179.819992, 180.819992, 181.819992, 182.819992, 183.819992, 184.819992, 185.819992, 186.819992, 187.819992, 188.819992, 189.819992, 190.819992, 191.819992, 192.819992, 193.819992, 194.819992, 195.819992, 196.819992, 197.819992, 198.819992, 199.819992, 200.819992, 201.819992, 202.819992, 203.819992, 204.819992, 205.819992, 206.819992, 207.819992, 208.819992, 209.819992, 210.819992, 211.819992, 212.819992, 213.819992, 214.819992, 215.819992, 216.819992, 217.819992, 218.819992, 219.819992, 220.819992, 221.819992, 222.819992, 223.819992, 224.819992, 225.819992, 226.819992, 227.819992, 228.819992, 229.819992, 230.819992, 231.819992, 232.819992, 233.819992, 234.819992, 235.819992, 236.819992, 237.819992, 238.819992, 239.819992, 240.819992, 241.819992, 242.819992, 243.819992, 244.819992, 245.819992, 246.819992, 247.819992, 248.819992, 249.819992, 250.819992, 251.819992, 252.819992, 253.819992, 254.819992, 255.819992, 256.82, 257.82, 258.82, 259.82, 260.82, 261.82, 262.82, 263.82, 264.82, 265.82, 266.82],
    "velocity": [0.040013656, 0.0169981532, 0.00518675474, 0.0330695361, 0.0233654175, 0.0143720666, 0, 0.0178846624, 0.03813501, 0.0052602957, 0.00821455, 0, 0.0364320464, 0.0292447917, 0.020195961, 0.0392640755, 0, 0.0502342135, 0.0168624129, 0.008162747, 0.0318606421, 0.357501924, 0.347127676, 0.0416725427, 0.06950526, 0.0184709076, 0.0202442, 0.07536938, 0.0133038154, 0.0349911228, 0.1192116, 0.5014677, 0.269148082, 0.0327511, 0, 0.0171899274, 0.0838042051, 0.026861174, 0.0673612952, 0.0432947539, 0.0330001749, 0.008963806, 0.005846921, 0.008202762, 0.110272564, 0.0411483124, 0.0177088715, 0.00530323433, 0.008055398, 0.03531987, 0, 0, 0.06825786, 0.0194346868, 0.0165807251, 0.00669747638, 0.006995039, 0, 0.008606361, 0.0228800084, 0, 0, 0.00177692331, 0.0427954234, 0.005861581, 0.0163954273, 0, 0.009307747, 0.01605067, 0.0427516438, 0, 0.06943608, 0.07256852, 0.021560872, 0, 0, 0.027256405, 0.00779723143, 0.04075561, 0.0442396, 0.0306817126, 0.044441238, 0.0140032442, 0, 0.0338883922, 0.0118741263, 0.0616492368, 0.03057816, 0.009231671, 0.0140394885, 0.01752224, 0.03374488, 0.0261659976, 0.186336756, 0.0438035168, 0.00425543869, 0.2148821, 0.0340707935, 0.005707071, 0.01088215, 0, 0.06068887, 0.009557518, 0.00475758966, 0.0415524, 0.0370498, 0.0277128685, 0.009548072, 0.0515578426, 0.009994988, 0.008465891, 0.008521341, 0.0181939024, 0.0392143838, 0.0624448322, 0.0769098252, 0.476528764, 0.0199344587, 0.1352004, 0.161137521, 0.03139552, 0.04269674, 0.08576737, 0.021162428, 0.07156544, 0, 0.0107495273, 0.00559445424, 0.006619031, 0, 0.0248404611, 0.0420365632, 0.0274398346, 0.00627807528, 0.00625354145, 0.03983036, 0, 0, 0, 0.03873353, 0.0172581, 0.0688545257, 0.0477234647, 0.02607086, 0.006565687, 0.006802844, 0.0210326817, 0.0283091255, 0.0276018139, 0.0219348483, 0.00374910142, 0.00779113267, 0.00962552149, 0.00768334651, 0.012578845, 0, 0, 0, 0.0149317542, 0.006607745, 0.006894758, 0.009009692, 0.0195699241, 0.00565579, 0, 0.01632757, 0, 0, 0.0610012673, 0.0046920944, 0.009425931, 0.0264027677, 0.004202936, 0, 0.015233078, 0.004247839, 0, 0.0252944771, 0.0522926971, 0.007532913, 0.0131517, 0.01668894, 0.0104901409, 0.03059496, 0.135904878, 0.02733318, 0.0115544973, 0.0213008914, 0, 0.07963158, 0.003915827, 0.0135676535, 0, 0.00923898, 0.00772718154, 0.0100054825, 0.0111334324, 0.01839127, 0.00464495365, 0.0231712181, 0, 0.0682384148, 0.0169284381, 0.03697768, 0.008497102, 0.0216603056, 0, 0.008365002, 0.00354597555, 0.00226116949, 0, 0.01505381, 0.00616753055, 0.06915704, 0.112155825, 0.0130908713, 0.009776639, 0.007889785, 0.021832997, 0.01849073, 0, 0.00504756439, 0, 0, 0.0409005731, 0.04562215, 0.0145556172, 0.0146783777, 0.0217208769, 0.0111263357, 0.0369729176, 0.0118496986, 0.009400902, 0.013845155, 0, 0, 0.162786752, 0.0211768933, 0, 0.0508402064, 0, 0.005515164, 0.0235610027, 0.00862215, 0, 0.00127225206, 0.006324972, 0.00573560875, 0.05234079, 0.00524435844, 0.0138617707, 0.0523164868, 0.04985712, 0.008100855, 0.0166059881, 0.03631869, 0, 0.0501450263, 0.0107046124, 0.0127823912, 0.003664068, 0.0869685, 0.02513814]
}