{
    "participant": [{
        "position": [0.393328518, -0.08716798, 0.7402044],
        "rotation": [6.62651253, 15.1466856, 0],
        "scale": [0.8966465, 0.896646261, 1.00000012],
        "time": "16:36:30",
        "transparency": 0.862766,
        "windowType": false
    }, {
        "position": [-0.222962886, -0.259315729, 0.6827411],
        "rotation": [16.0460339, 345.8837, -2.22096276e-7],
        "scale": [0.6763827, 0.6763825, 1.00000012],
        "time": "16:46:14",
        "transparency": 0.862766,
        "windowType": false
    }],
    "playerId": "0729_162350",
    "presentation": [{
        "position": [-0.100438863, 0.01554966, 0.6836761],
        "rotation": [1.22381473, 353.353149, 0],
        "scale": [1.83556914, 1.83556914, 1.00000012],
        "time": "16:36:30",
        "transparency": 0.726443052,
        "windowType": false
    }, {
        "position": [-0.23650673, -0.007758856, 0.7033803],
        "rotation": [359.685516, 348.628876, 0],
        "scale": [1.21368432, 1.21368432, 1.00000012],
        "time": "16:46:14",
        "transparency": 0.726443052,
        "windowType": false
    }],
    "time": [],
    "velocity": []
}