{
    "participant": [{
        "position": [-0.241705775, 0.07588667, 0.7561395],
        "rotation": [343.852966, 356.2135, -5.555232e-8],
        "scale": [0.851351738, 0.8513515, 1.00000012],
        "time": "11:43:23",
        "transparency": 1,
        "windowType": false
    }, {
        "position": [-0.241705775, 0.07588667, 0.7561395],
        "rotation": [343.852966, 356.2135, -5.555232e-8],
        "scale": [0.851351738, 0.8513515, 1.00000012],
        "time": "Case 1 Path",
        "transparency": 1,
        "windowType": false
    }],
    "playerId": "1219_114011",
    "presentation": [{
        "position": [0.3309313, 0.09234905, 0.6106444],
        "rotation": [348.51236, 23.62546, 2.17806573e-7],
        "scale": [2.15884829, 2.15884829, 1.00000012],
        "time": "11:43:23",
        "transparency": 0.78802526,
        "windowType": false
    }, {
        "position": [0.3309313, 0.09234905, 0.6106444],
        "rotation": [348.51236, 23.62546, 2.17806573e-7],
        "scale": [2.15884829, 2.15884829, 1.00000012],
        "time": "Case 1 Path",
        "transparency": 0.78802526,
        "windowType": false
    }],
    "time": [],
    "velocity": []
}