{
    "playerId": "down",
    "participant": [
        {
            "position": [
                0.30293,
                -0.018717,
                -0.051715
            ],
            "rotation": [
                0,
                0,
                0
            ],
            "scale": [
                0.5704809342595664,
                0.5704809342595664,
                1.0
            ],
            "time": "",
            "transparency": 0.8113956784998829,
            "windowType": false
        }
    ],
    "presentation": [
        {
            "position": [
                -0.1093369090866128,
                -0.41356546651910653,
                0.7816086641766808
            ],
            "rotation": [
                -0.1093369090866128,
                -0.41356546651910653,
                0.7816086641766808
            ],
            "scale": [
                1.4933439737016505,
                1.4933439737016505,
                1.0
            ],
            "time": "",
            "transparency": 0.8135857846249234,
            "windowType": true
        }
    ],
    "time": [],
    "velocity": []
}