{
    "playerId": "Environment up",
    "participant": [
        {
            "position": [
                0.30293,
                -0.018717,
                -0.051715
            ],
            "rotation": [
                0,
                0,
                0
            ],
            "scale": [
                0.5567505278370597,
                0.5567505278370597,
                1.0
            ],
            "time": "High-Traffic",
            "transparency": 0.7641448432748968,
            "windowType": false
        },
        {
            "position": [
                0.30293,
                -0.018717,
                -0.051715
            ],
            "rotation": [
                0,
                0,
                0
            ],
            "scale": [
                0.4955763402912352,
                0.4955763402912352,
                1.0
            ],
            "time": "Low-Traffic",
            "transparency": 0.9140035510063171,
            "windowType": false
        }
    ],
    "presentation": [
        {
            "position": [
                0.06508249687877567,
                0.16863574223084882,
                0.7150122658772902
            ],
            "rotation": [
                0.06508249687877567,
                0.16863574223084882,
                0.7150122658772902
            ],
            "scale": [
                1.3007527671077035,
                1.3007527671077035,
                1.0
            ],
            "time": "High-Traffic",
            "transparency": 0.8171806145798076,
            "windowType": true
        },
        {
            "position": [
                -0.0073013688541121126,
                0.04603597739090521,
                0.6935235328144498
            ],
            "rotation": [
                -0.0073013688541121126,
                0.04603597739090521,
                0.6935235328144498
            ],
            "scale": [
                1.4572669996155634,
                1.4572669996155634,
                1.0
            ],
            "time": "Low-Traffic",
            "transparency": 0.8706446025106642,
            "windowType": true
        }
    ],
    "time": [],
    "velocity": []
}