{
    "playerId": "Environment down",
    "participant": [
        {
            "position": [
                0.30293,
                -0.018717,
                -0.051715
            ],
            "rotation": [
                0,
                0,
                0
            ],
            "scale": [
                0.5793560764619282,
                0.5793560764619282,
                1.0
            ],
            "time": "High-Traffic",
            "transparency": 0.7356120479248819,
            "windowType": false
        },
        {
            "position": [
                0.30293,
                -0.018717,
                -0.051715
            ],
            "rotation": [
                0,
                0,
                0
            ],
            "scale": [
                0.5623775435530621,
                0.5623775435530621,
                1.0
            ],
            "time": "Low-Traffic",
            "transparency": 0.8805894281553186,
            "windowType": false
        }
    ],
    "presentation": [
        {
            "position": [
                -0.1145192415098704,
                -0.41352695297627223,
                0.7907609116463434
            ],
            "rotation": [
                -0.1145192415098704,
                -0.41352695297627223,
                0.7907609116463434
            ],
            "scale": [
                1.4544402729897272,
                1.4544402729897272,
                1.0
            ],
            "time": "High-Traffic",
            "transparency": 0.8023387889067332,
            "windowType": true
        },
        {
            "position": [
                -0.10460521426537761,
                -0.4136006310582161,
                0.7732522643130758
            ],
            "rotation": [
                -0.10460521426537761,
                -0.4136006310582161,
                0.7732522643130758
            ],
            "scale": [
                1.5288647439168848,
                1.5288647439168848,
                1.0
            ],
            "time": "Low-Traffic",
            "transparency": 0.8238547807154448,
            "windowType": true
        }
    ],
    "time": [],
    "velocity": []
}