{
    "playerId": "Environment",
    "participant": [
        {
            "position": [
                0.30293,
                -0.018717,
                -0.051715
            ],
            "rotation": [
                0,
                0,
                0
            ],
            "scale": [
                0.5715854191221297,
                0.5715854191221297,
                1.0
            ],
            "time": "High-Traffic",
            "transparency": 0.7454201963264495,
            "windowType": false
        },
        {
            "position": [
                0.30293,
                -0.018717,
                -0.051715
            ],
            "rotation": [
                0,
                0,
                0
            ],
            "scale": [
                0.5435897051356733,
                0.5435897051356733,
                1.0
            ],
            "time": "Low-Traffic",
            "transparency": 0.8899871502071619,
            "windowType": false
        }
    ],
    "presentation": [
        {
            "position": [
                -0.05278114393877331,
                -0.21340852649882436,
                0.7647223146632314
            ],
            "rotation": [
                -0.05278114393877331,
                -0.21340852649882436,
                0.7647223146632314
            ],
            "scale": [
                1.4016101928427815,
                1.4016101928427815,
                1.0
            ],
            "time": "High-Traffic",
            "transparency": 0.8074406664818525,
            "windowType": true
        },
        {
            "position": [
                -0.07723850774345918,
                -0.2843278349319007,
                0.7508285585790873
            ],
            "rotation": [
                -0.07723850774345918,
                -0.2843278349319007,
                0.7508285585790873
            ],
            "scale": [
                1.508727878332138,
                1.508727878332138,
                1.0
            ],
            "time": "Low-Traffic",
            "transparency": 0.8370144180953503,
            "windowType": true
        }
    ],
    "time": [],
    "velocity": []
}