{
    "playerId": "Meeting Format down",
    "participant": [
        {
            "position": [
                0.30293,
                -0.018717,
                -0.051715
            ],
            "rotation": [
                0,
                0,
                0
            ],
            "scale": [
                0.6142213674991027,
                0.6142213674991027,
                1.0
            ],
            "time": "Discussion",
            "transparency": 0.8274251624293949,
            "windowType": false
        },
        {
            "position": [
                0.30293,
                -0.018717,
                -0.051715
            ],
            "rotation": [
                0,
                0,
                0
            ],
            "scale": [
                0.5225747454734075,
                0.5225747454734075,
                1.0
            ],
            "time": "Listening",
            "transparency": 0.7938395770532745,
            "windowType": false
        }
    ],
    "presentation": [
        {
            "position": [
                -0.11125474623606903,
                -0.41053742040758545,
                0.8023358751898226
            ],
            "rotation": [
                -0.11125474623606903,
                -0.41053742040758545,
                0.8023358751898226
            ],
            "scale": [
                1.4406139332315195,
                1.4406139332315195,
                1.0
            ],
            "time": "Discussion",
            "transparency": 0.7921339649221172,
            "windowType": true
        },
        {
            "position": [
                -0.1072364207800655,
                -0.41688189797458197,
                0.7589074330670493
            ],
            "rotation": [
                -0.1072364207800655,
                -0.41688189797458197,
                0.7589074330670493
            ],
            "scale": [
                1.5510959227879841,
                1.5510959227879841,
                1.0
            ],
            "time": "Listening",
            "transparency": 0.8370806347756159,
            "windowType": true
        }
    ],
    "time": [],
    "velocity": []
}