{
    "playerId": "Meeting Format",
    "participant": [
        {
            "position": [
                0.30293,
                -0.018717,
                -0.051715
            ],
            "rotation": [
                0,
                0,
                0
            ],
            "scale": [
                0.6154943574219942,
                0.6154943574219942,
                1.0
            ],
            "time": "Discussion",
            "transparency": 0.846006297506392,
            "windowType": false
        },
        {
            "position": [
                0.30293,
                -0.018717,
                -0.051715
            ],
            "rotation": [
                0,
                0,
                0
            ],
            "scale": [
                0.49968076683580875,
                0.49968076683580875,
                1.0
            ],
            "time": "Listening",
            "transparency": 0.7894010490272194,
            "windowType": false
        }
    ],
    "presentation": [
        {
            "position": [
                -0.07687126046221236,
                -0.258028131473111,
                0.7743422305211425
            ],
            "rotation": [
                -0.07687126046221236,
                -0.258028131473111,
                0.7743422305211425
            ],
            "scale": [
                1.397032830864191,
                1.397032830864191,
                1.0
            ],
            "time": "Discussion",
            "transparency": 0.8037825571373105,
            "windowType": true
        },
        {
            "position": [
                -0.05314839122002012,
                -0.2397082299576141,
                0.7412086427211761
            ],
            "rotation": [
                -0.05314839122002012,
                -0.2397082299576141,
                0.7412086427211761
            ],
            "scale": [
                1.5133052403107285,
                1.5133052403107285,
                1.0
            ],
            "time": "Listening",
            "transparency": 0.8406725274398923,
            "windowType": true
        }
    ],
    "time": [],
    "velocity": []
}