{
    "playerId": "Meeting Format up",
    "participant": [
        {
            "position": [
                0.30293,
                -0.018717,
                -0.051715
            ],
            "rotation": [
                0,
                0,
                0
            ],
            "scale": [
                0.6187475538916059,
                0.6187475538916059,
                1.0
            ],
            "time": "Discussion",
            "transparency": 0.8934914204809401,
            "windowType": false
        },
        {
            "position": [
                0.30293,
                -0.018717,
                -0.051715
            ],
            "rotation": [
                0,
                0,
                0
            ],
            "scale": [
                0.4559740803458474,
                0.4559740803458474,
                1.0
            ],
            "time": "Listening",
            "transparency": 0.7809274955229326,
            "windowType": false
        }
    ],
    "presentation": [
        {
            "position": [
                0.010997647626532436,
                0.13171782913721267,
                0.7028029163678488
            ],
            "rotation": [
                0.010997647626532436,
                0.13171782913721267,
                0.7028029163678488
            ],
            "scale": [
                1.2856589025921292,
                1.2856589025921292,
                1.0
            ],
            "time": "Discussion",
            "transparency": 0.8335511816872491,
            "windowType": true
        },
        {
            "position": [
                0.05011057430370285,
                0.09853240898386999,
                0.7074200429699637
            ],
            "rotation": [
                0.05011057430370285,
                0.09853240898386999,
                0.7074200429699637
            ],
            "scale": [
                1.4411593919450587,
                1.4411593919450587,
                1.0
            ],
            "time": "Listening",
            "transparency": 0.8475297770716927,
            "windowType": true
        }
    ],
    "time": [],
    "velocity": []
}