{
    "playerId": "up",
    "participant": [
        {
            "position": [
                0.30293,
                -0.018717,
                -0.051715
            ],
            "rotation": [
                0,
                0,
                0
            ],
            "scale": [
                0.5292221434414387,
                0.5292221434414387,
                1.0
            ],
            "time": "",
            "transparency": 0.8315812617540359,
            "windowType": false
        }
    ],
    "presentation": [
        {
            "position": [
                0.03250975729897617,
                0.11346584805287419,
                0.705342335999012
            ],
            "rotation": [
                0.03250975729897617,
                0.11346584805287419,
                0.705342335999012
            ],
            "scale": [
                1.3711841717362403,
                1.3711841717362403,
                1.0
            ],
            "time": "",
            "transparency": 0.8412394091486931,
            "windowType": true
        }
    ],
    "time": [],
    "velocity": []
}