{
    "playerId": "Window Anchor down",
    "participant": [
        {
            "position": [
                0.30293,
                -0.018717,
                -0.051715
            ],
            "rotation": [
                0,
                0,
                0
            ],
            "scale": [
                0.5436235431660997,
                0.5436235431660997,
                1.0
            ],
            "time": "Head Anchor",
            "transparency": 0.7979658956223346,
            "windowType": false
        },
        {
            "position": [
                0.30293,
                -0.018717,
                -0.051715
            ],
            "rotation": [
                0,
                0,
                0
            ],
            "scale": [
                0.6012686752691502,
                0.6012686752691502,
                1.0
            ],
            "time": "Path Anchor",
            "transparency": 0.8267907954570723,
            "windowType": false
        }
    ],
    "presentation": [
        {
            "position": [
                -0.07543455263441229,
                -0.4441124013763793,
                0.7794207708632692
            ],
            "rotation": [
                -0.07543455263441229,
                -0.4441124013763793,
                0.7794207708632692
            ],
            "scale": [
                1.4885116638021265,
                1.4885116638021265,
                1.0
            ],
            "time": "Head Anchor",
            "transparency": 0.7935792816446182,
            "windowType": true
        },
        {
            "position": [
                -0.1482005859952329,
                -0.37854824851198887,
                0.7841167369993721
            ],
            "rotation": [
                -0.1482005859952329,
                -0.37854824851198887,
                0.7841167369993721
            ],
            "scale": [
                1.4988834509035436,
                1.4988834509035436,
                1.0
            ],
            "time": "Path Anchor",
            "transparency": 0.8365200685291756,
            "windowType": true
        }
    ],
    "time": [],
    "velocity": []
}