{
    "playerId": "Window Anchor",
    "participant": [
        {
            "position": [
                0.30293,
                -0.018717,
                -0.051715
            ],
            "rotation": [
                0,
                0,
                0
            ],
            "scale": [
                0.5481804055161774,
                0.5481804055161774,
                1.0
            ],
            "time": "Head Anchor",
            "transparency": 0.8051969166845083,
            "windowType": false
        },
        {
            "position": [
                0.30293,
                -0.018717,
                -0.051715
            ],
            "rotation": [
                0,
                0,
                0
            ],
            "scale": [
                0.5669947187416255,
                0.5669947187416255,
                1.0
            ],
            "time": "Path Anchor",
            "transparency": 0.8302104298491031,
            "windowType": false
        }
    ],
    "presentation": [
        {
            "position": [
                -0.03668044671212555,
                -0.30664253592840396,
                0.7569074821658432
            ],
            "rotation": [
                -0.03668044671212555,
                -0.30664253592840396,
                0.7569074821658432
            ],
            "scale": [
                1.4274982418864965,
                1.4274982418864965,
                1.0
            ],
            "time": "Head Anchor",
            "transparency": 0.80755565315485,
            "windowType": true
        },
        {
            "position": [
                -0.09333920497010695,
                -0.19109382550232112,
                0.7586433910764754
            ],
            "rotation": [
                -0.09333920497010695,
                -0.19109382550232112,
                0.7586433910764754
            ],
            "scale": [
                1.482839829288423,
                1.482839829288423,
                1.0
            ],
            "time": "Path Anchor",
            "transparency": 0.8368994314223528,
            "windowType": true
        }
    ],
    "time": [],
    "velocity": []
}