{
    "playerId": "Window Anchor up",
    "participant": [
        {
            "position": [
                0.30293,
                -0.018717,
                -0.051715
            ],
            "rotation": [
                0,
                0,
                0
            ],
            "scale": [
                0.5607787896605099,
                0.5607787896605099,
                1.0
            ],
            "time": "Head Anchor",
            "transparency": 0.825188563150518,
            "windowType": false
        },
        {
            "position": [
                0.30293,
                -0.018717,
                -0.051715
            ],
            "rotation": [
                0,
                0,
                0
            ],
            "scale": [
                0.5058976658012556,
                0.5058976658012556,
                1.0
            ],
            "time": "Path Anchor",
            "transparency": 0.8363062998522883,
            "windowType": false
        }
    ],
    "presentation": [
        {
            "position": [
                0.07046325789654954,
                0.07342120972188079,
                0.6946648604729596
            ],
            "rotation": [
                0.07046325789654954,
                0.07342120972188079,
                0.6946648604729596
            ],
            "scale": [
                1.2588140754138721,
                1.2588140754138721,
                1.0
            ],
            "time": "Head Anchor",
            "transparency": 0.8461962096831378,
            "windowType": true
        },
        {
            "position": [
                0.00445716990076976,
                0.14306405899317368,
                0.7132343831269637
            ],
            "rotation": [
                0.00445716990076976,
                0.14306405899317368,
                0.7132343831269637
            ],
            "scale": [
                1.454240329887556,
                1.454240329887556,
                1.0
            ],
            "time": "Path Anchor",
            "transparency": 0.8375756870145383,
            "windowType": true
        }
    ],
    "time": [],
    "velocity": []
}